Student ID	IB Score	IB Course	G8 RIT	G8 RIT Percentile	G9 Course	G9 Y1 Grade	G10 Course	G10 Y1 Grade
1	7	A&A HL	280	99				
2	7	A&A HL						
3	7	A&A HL					Math 10 Advanced	88
4	7	A&A HL	258	92	Math 9 Advanced	97	Math 10 Advanced	96
5	7	A&A HL						
6	7	A&A HL					Math 10 Advanced	99
7	6	A&A HL	255	89	Math 9 Advanced	96	Math 10 Advanced	96
8	6	A&A HL						
9	6	A&A HL						
10	6	A&A HL						
11	6	A&A HL	265	96	Math 9 Advanced	91	Math 10 Advanced	94
12	5	A&A HL	251	85	Math 9	98	Math 10 Advanced	94
13	5	A&A HL	246	78	Math 9 Advanced	88	Math 10 Advanced	91
14	5	A&A HL	249	83	Math 9 Advanced	89	Math 10 Advanced	89
15	5	A&A HL	245	90	Math 9 Advanced	90	Math 10 Advanced	89
16	5	A&A HL	250	84	Math 9 Advanced	86	Math 10 Advanced	91
17	5	A&A HL	255	89	Math 9 Advanced	92	Math 10 Advanced	90
18	6	A&A SL	243	79	Math 9	94	Math 10	83
19	6	A&A SL			Math 9 Advanced	88	Math 10 Advanced	91
20	6	A&A SL					Math 10	92
21	6	A&A SL	251	85	Math 9 Advanced	88	Math 10 Advanced	85
22	6	A&A SL	240	69	Math 9	91	Math 10	91
23	6	A&A SL						
24	6	A&A SL	239	67	Math 9	95	Math 10 Advanced	81
25	5	A&A SL	242	76	Math 9	93	Math 10	92
26	5	A&A SL	225	42	Math 9	82	Math 10	88
27	5	A&A SL	248	81	Math 9 Advanced	84	Math 10 Advanced	80
28	5	A&A SL	234	57	Math 9	87	Math 10	92
29	5	A&A SL			Math 9 Advanced	73	Math 10	79
30	5	A&A SL	244	75	Math 9	95	Math 10	89
31	5	A&A SL	260	96	Math 9 Advanced	87	Math 10 Advanced	85
32	5	A&A SL			Math 9	95	Math 10	90
33	5	A&A SL					Math 10 Advanced	73
34	5	A&A SL	244	76	Math 9 Advanced	86	Math 10 Advanced	87
35	5	A&A SL	235	59	Math 9	91	Math 10	88
36	5	A&A SL	246	78	Math 9	90	Math 10	86
37	5	A&A SL	234	62	Math 9	94	Math 10	89
38	5	A&A SL	243	74	Math 9 Advanced	91	Math 10 Advanced	87
39	5	A&A SL	249	88	Math 9 Advanced	85	Math 10 Advanced	86
40	5	A&A SL	228	74	Math 9	79	Math 10	84
41	5	A&A SL	246	78	Math 9 Advanced	84	Math 10 Advanced	87
42	5	A&A SL	245	79	Math 9 Advanced	81	Math 10 Advanced	82
43	5	A&A SL	227	67	Math 9	89	Math 10	88
44	5	A&A SL	240	69	Math 9 Advanced	84	Math 10 Advanced	84
45	5	A&A SL	239	67	Math 9	83	Math 10	90
46	4	A&A SL	236	61	Math 9	85	Math 10	86
47	4	A&A SL	250	89	Math 9 Advanced	76	Math 10	91
48	4	A&A SL					Math 10	84
49	4	A&A SL	239	67	Math 9 Advanced	81	Math 10 Advanced	74
50	4	A&A SL	254	88	Math 9 Advanced	74	Math 10	78
51	4	A&A SL	236	61	Math 9	95	Math 10	93
52	4	A&A SL					Math 10	83
53	4	A&A SL					Math 10	87
54	4	A&A SL	233	63	Math 9	89	Math 10	87
55	4	A&A SL						
56	4	A&A SL	254	88	Math 9 Advanced	86	Math 10 Advanced	78
57	3	A&A SL	240	69	Math 9	89	Math 10	87
58	3	A&A SL	236	77	Math 9	86	Math 10	87
59	2	A&A SL	254	88	Math 9 Advanced	89	Math 10	95
60	7	A&I HL						
61	7	A&I HL					Math 10 Advanced	95
62	6	A&I HL	242	83	Math 9 Advanced	76	Math 10 Advanced	90
63	5	A&I HL	251	85	Math 9 Advanced	93	Math 10 Advanced	94
64	5	A&I HL					Math 10 Advanced	85
65	5	A&I HL	257	91	Math 9 Advanced	86	Math 10 Advanced	86
66	4	A&I HL	248	81				
67	4	A&I HL	239	70	Math 9 Advanced	83	Math 10 Advanced	83
68	3	A&I HL	254	88	Math 9 Advanced	77	Math 10 Advanced	81
69	7	A&I SL	244	77	Math 9	92	Math 10	84
70	7	A&I SL						
71	6	A&I SL	225	40	Math 9	77	Math 10	82
72	5	A&I SL	239	67	Math 9	82	Math 10	82
73	6	A&I SL	234	57	Math 9	91		
74	6	A&I SL	232	56	Math 9	88	Math 10	87
75	4	A&I SL					Math 10	70
76	6	A&I SL	237	70	Math 9	90	Math 10	87
77	5	A&I SL	232	53	Math 9	84	Math 10	78
78	5	A&I SL	229	59	Math 9	76	Math 10	70
79	6	A&I SL			Math 9	87	Math 10	84
80	5	A&I SL	241	76	Math 9	79	Math 10	81
81	5	A&I SL						
82	6	A&I SL					Math 10	74
83	5	A&I SL						
84	4	A&I SL			Math 9	83	Math 10	74
85	5	A&I SL	237	63	Math 9	91	Math 10	84
86	5	A&I SL	234	65	Math 9	79	Math 10	77
87	5	A&I SL	241	72	Math 9	87	Math 10	73
88	4	A&I SL	236	61	Math 9	87	Math 10	83
89	4	A&I SL	232	68	Math 9	82	Math 10	72
90	4	A&I SL	236	72	Math 9	86	Math 10	77
91	3	A&I SL	225	40	Math 9	70	Math 10	66
92	5	A&I SL	232	65	Math 9	86	Math 10	77
93	4	A&I SL	230	56	Math 9	77	Math 10	75
								
								
								
								
								
								
								
								
								
								
								
								
								
								
								
								
								
								
								
								
								
								
								
								
								
								
								
								
								
								
								
								
								
								
								
								
								
								
								
								
								
								
								
								
								
								
								
								
								
								
								
								
								
								
								
								
								
								
								
								
								
								
								
								
								
								
								
								
								
								
								
								
								
								
								
								
								
								
								
								
								
								
								
								
								
								
								
								
								
								
								
								
								
								
								
								
								
								
								
								
								
								
								
								
								
								
								
								
								
								
								
								
								
								
								
								
								
								
								
								
								
								
								
								
								
								
								
								
								
								
								
								
								
								
								
								
								
								
								
								
								
								
								
								
								
								
								
								
								
								
								
								
								
								
								
								
								
								
								
								
								
								
								
								
								
								
								
								
								
								
								
								
								
								
								
								
								
								
								
								
								
								
								
								
								
								
								
								
								
								
								
								
								
								
								
								
								
								
								
								
								
								
								
								
								
								
								
								
								
								
								
								
								
								
								
								
								
								
								
								
								
								
								
								
								
								
								
								
								
								
								
								
								
								
								
								
								
								
								
								
								
								
								
								
								
								
								
								
								
								
								
								
								
								
								
								
								
								
								
								
								
								
								
								
								
								
								
								
								
								
								
								
								
								
								
								
								
								
								
								
								
								
								
								
								
								
								
								
								
								
								
								
								
								
								
								
								
								
								
								
								
								
								
								
								
								
								
								
								
								
								
								
								
								
								
								
								
								
								
								
								
								
								
								
								
								
								
								
								
								
								
								
								
								
								
								
								
								
								
								
								
								
								
								
								
								
								
								
								
								
								
								
								
								
								
								
								
								
								
								
								
								
								
								
								
								
								
								
								
								
								
								
								
								
								
								
								
								
								
								
								
								
								
								
								
								
								
								
								
								
								
								
								
								
								
								
								
								
								
								
								
								
								
								
								
								
								
								
								
								
								
								
								
								
								
								
								
								
								
								
								
								
								
								
								
								
								
								
								
								
								
								
								
								
								
								
								
								
								
								
								
								
								
								
								
								
								
								
								
								
								
								
								
								
								
								
								
								
								
								
								
								
								
								
								
								
								
								
								
								
								
								
								
								
								
								
								
								
								
								
								
								
								
								
								
								
								
								
								
								
								
								
								
								
								
								
								
								
								
								
								
								
								
								
								
								
								
								
								
								
								
								
								
								
								
								
								
								
								
								
								
								
								
								
								
								
								
								
								
								
								
								
								
								
								
								
								
								
								
								
								
								
								
								
								
								
								
								
								
								
								
								
								
								
								
								
								
								
								
								
								
								
								
								
								
								
								
								
								
								
								
								
								
								
								
								
								
								
								
								
								
								
								
								
								
								
								
								
								
								
								
								
								
								
								
								
								
								
								
								
								
								
								
								
								
								
								
								
								
								
								
								
								
								
								
								
								
								
								
								
								
								
								
								
								
								
								
								
								
								
								
								
								
								
								
								
								
								
								
								
								
								
								
								
								
								
								
								
								
								
								
								
								
								
								
								
								
								
								
								
								
								
								
								
								
								
								
								
								
								
								
								
								
								
								
								
								
								
								
								
								
								
								
								
								
								
								
								
								
								
								
								
								
								
								
								
								
								
								
								
								
								
								
								
								
								
								
								
								
								
								
								
								
								
								
								
								
								
								
								
								
								
								
								
								
								
								
								
								
								
								
								
								
								
								
								
								
								
								
								
								
								
								
								
								
								
								
								
								
								
								
								
								
								
								
								
								
								
								
								
								
								
								
								
								
								
								
								
								
								
								
								
								
								
								
								
								
								
								
								
								
								
								
								
								
								
								
								
								
								
								
								
								
								
								
								
								
								
								
								
								
								
								
								
								
								
								
								
								
								
								
								
								
								
								
								
								
								
								
								
								
								
								
								
								
								
								
								
								
								
								
								
								
								
								
								
								
								
								
								
								
								
								
								
								
								
								
								
								
								
								
								
								
								
								
								
								
								
								
								
								
								
								
								
								
								
								
								
								
								
								
								
								
								
								
								
								
								
								
								
								
								
								
								
								
								
								
								
								
								
								
								
								
								
								
								
								
								
								
								
								
								
								
								
								